{
  "Avg_metrics_name": [
    "mIoU",
    "Overall Accuracy",
    "F-score",
    "Precision",
    "Recall"
  ],
  "Avg_metrics": [
    57.137372070769906,
    75.30597321150555,
    70.5224488565638,
    77.48753807522438,
    68.9205015899218
  ],
  "classes": [
    "building",
    "greenhouse",
    "swimming_pool",
    "impervious surface",
    "pervious surface",
    "bare soil",
    "water",
    "snow",
    "herbaceous vegetation",
    "agricultural land",
    "plowed land",
    "vineyard",
    "deciduous",
    "coniferous",
    "brushwood"
  ],
  "per_class_iou": [
    80.13788866786398,
    73.32503111444072,
    13.45305643866795,
    72.58213370981207,
    52.855613065935245,
    58.38060068995944,
    87.18113628784971,
    56.386848328378015,
    50.994206465608485,
    55.07586603780744,
    32.384433014147945,
    63.65745344319216,
    70.95864282014888,
    61.86260598721998,
    27.82506499051674
  ],
  "per_class_fscore": [
    88.97394019713558,
    84.6098577256584,
    23.715635102242647,
    84.11314908396622,
    69.15756903625861,
    73.72190841003736,
    93.15162629826264,
    72.11200805067448,
    67.54458685436157,
    71.03086694918726,
    48.924835461110476,
    77.79352801097883,
    83.01264171218119,
    76.4384159144261,
    43.53616404197575
  ],
  "per_class_precision": [
    89.43040493659826,
    84.81529267783469,
    97.04113539769277,
    84.83522855282281,
    74.32067472411794,
    65.77465780453461,
    92.74174380870207,
    90.11648500972036,
    69.56728767489795,
    62.525789045994394,
    46.233365336465,
    92.14867520086138,
    83.36593822859255,
    80.44988122797933,
    48.94651150155145
  ],
  "per_class_recall": [
    88.52211150872513,
    84.40541555537783,
    13.508467474489391,
    83.40325790787853,
    64.66523316346932,
    83.85354857218343,
    93.5651479141843,
    60.10380017148485,
    65.6361846584062,
    82.21404177517559,
    51.949043120335865,
    67.30810579842445,
    82.66232702972682,
    72.80799718894562,
    39.20284201001979
  ],
  "per_class_default_weight": [
    1,
    1,
    1,
    1,
    1,
    1,
    1,
    1,
    1,
    1,
    1,
    1,
    1,
    1,
    1
  ],
  "per_class_modality_weights": {
    "AERIAL_RGBI": [
      1,
      1,
      1,
      1,
      1,
      1,
      1,
      1,
      1,
      1,
      1,
      1,
      1,
      1,
      1
    ],
    "DEM_ELEV": [
      1,
      1,
      1,
      1,
      1,
      1,
      1,
      1,
      1,
      1,
      1,
      1,
      1,
      1,
      1
    ],
    "SENTINEL2_TS": [
      1,
      1,
      1,
      1,
      1,
      1,
      1,
      1,
      1,
      1,
      1,
      1,
      1,
      1,
      1
    ],
    "SPOT_RGBI": [
      1,
      1,
      1,
      1,
      1,
      1,
      1,
      1,
      1,
      1,
      1,
      1,
      1,
      1,
      1
    ]
  }
}