{
    "mean": [
        0.4461775287479413,
        0.4630632534400518,
        0.4285252299757187,
        0.401428154700038,
        0.06547959106566646
    ],
    "std": [
        0.14915280345330398,
        0.1345974514652755,
        0.12961591153860627,
        0.11584379733894039,
        0.0810810510755669
    ]
}