{
    "mean": [
        0.06063825483472457,
        0.07391020130047823,
        0.08135846075906068,
        0.1054989580567715,
        0.14054950279940548,
        0.15613007234167575,
        0.1679304040992142,
        0.16948888595822617,
        0.14765668990047068,
        0.11141013846007763

    ],
    "std": [
        0.03253225748313452,
        0.03639415519806337,
        0.04436449449604409,
        0.0461035652312417,
        0.049625357021300026,
        0.05393013745180979,
        0.060029050861413295,
        0.056970143958991706,
        0.05309201580486952,
        0.049551583872689695

    ]
}