{
    "mean": [
        1487.1531998216212,
        1632.6024365262713,
        1611.2229568724306,
        1994.879797895507,
        2695.8800131953685,
        2936.1821404575344,
        3066.073318043447,
        3086.053635527394,
        2348.479652867017,
        1734.0988051311033

    ],
    "std": [
        797.8536147738753,
        803.9104941700197,
        878.5944489996457,
        871.7723149575459,
        951.8639730255611,
        1014.2101649187414,
        1096.0104106276765,
        1037.312381205311,
        844.4285113764565,
        771.2704029784182

    ]
}